{
  "accuracy": 0.8331804791284532,
  "classification_report": {
    "negative": {
      "precision": 0.7623306925632507,
      "recall": 0.7463408531754305,
      "f1-score": 0.7542510377378369,
      "support": 23981.0
    },
    "neutral": {
      "precision": 0.974936019823699,
      "recall": 1.0,
      "f1-score": 0.9873089659995475,
      "support": 24000.0
    },
    "positive": {
      "precision": 0.7566718337592694,
      "recall": 0.7530750948588584,
      "f1-score": 0.754869179971579,
      "support": 23983.0
    },
    "accuracy": 0.8331804791284532,
    "macro avg": {
      "precision": 0.8313128487154064,
      "recall": 0.8331386493447629,
      "f1-score": 0.8321430612363212,
      "support": 71964.0
    },
    "weighted avg": {
      "precision": 0.8313486938354824,
      "recall": 0.8331804791284532,
      "f1-score": 0.8321818807075565,
      "support": 71964.0
    }
  },
  "confusion_matrix": [
    [
      17898,
      275,
      5808
    ],
    [
      0,
      24000,
      0
    ],
    [
      5580,
      342,
      18061
    ]
  ]
}